da Mata Rezende S/A, 47152083000106, Coqueiral de Itaparica, Vila Velha
Araújo Novaes S/A, 74326195000109, Bela Vista, Vitoria
Ramos S/A, 03924671000137, Coqueiral de Itaparica, Vila Velha
Vieira S/A, 42560839000124, Jardim Guaranhuns, Vila Velha
Barbosa S/A, 29670318000161, Darly Santos, Vila Velha
Pinto S/A, 91082576000109, Do Quadro, Vitoria
Barros S/A, 13025796000189, Bela Vista, Vitoria
Porto S/A, 82063547000109, Do Moscoso, Vitoria
Pinto Moreira S/A, 70429156000178, Dom João Batista, Vila Velha
Barbosa Ferreira S/A, 53982407000128, Bento Ferreira, Vitoria
Silva S/A, 23650847000117, Ilha dos Bentos, Vila Velha
Fogaça S/A, 39054182000119, Conquista, Vitoria
Monteiro Almeida S/A, 21678049000178, Comdusa, Vitoria
Souza Costa S/A, 83096145000165, Nova América, Vila Velha
Nogueira S/A, 19674530000143, Divino Espírito Santo, Vila Velha
Caldeira Fernandes S/A, 17640532000196, Forte São João, Vitoria
Farias Nascimento S/A, 06583924000144, Dom João Batista, Vila Velha
Farias S/A, 15987462000111, Enseada do Suá, Vitoria
da Paz Costa S/A, 09138452000109, Antônio Honório, Vitoria
Pires S/A, 98150632000136, Ilha das Flores, Vila Velha
Silva Jesus S/A, 16234098000181, Consolação, Vitoria
Viana Moura S/A, 91836405000110, Antônio Honório, Vitoria
Almeida S/A, 63098527000110, Caratoíra, Vitoria
Nascimento Cavalcanti S/A, 09831657000175, Cruzamento, Vitoria
Nunes S/A, 41980536000106, Conquista, Vitoria
Costa Teixeira S/A, 47931258000175, Bairro de Lourdes, Vitoria
da Luz S/A, 30584612000130, Boa VistaII, Vila Velha
Souza S/A, 65897320000131, Aribiri, Vila Velha
da Conceição Lima S/A, 72815093000113, Centro, Vitoria
Correia S/A, 40382675000167, Aeroporto, Vitoria
Araújo Vieira S/A, 83761420000118, Centro de VilaVelha, Vila Velha
Viana S/A, 04857126000138, Fradinhos, Vitoria
Dias da Rocha S/A, 32605794000103, Alvorada, Vila Velha
Costela S/A, 17549830000175, Barramares, Vila Velha
Melo S/A, 21503689000147, Forte São João, Vitoria
Cunha Farias S/A, 42167089000125, Aeroporto, Vitoria
Pereira Costa S/A, 57130896000140, Industrial, Vila Velha
Campos da Conceição S/A, 31906247000103, Consolação, Vitoria
Cardoso Oliveira S/A, 62938741000175, Jardim Guaranhuns, Vila Velha
Moreira Pereira S/A, 24071935000127, Ariovaldo Favalessa, Vitoria
Moreira Souza S/A, 20798435000130, Guaranhuns, Vila Velha
Freitas S/A, 70524368000134, Boa Vista, Vitoria
Almeida Almeida S/A, 60542719000186, Goiabeiras, Vitoria
Alves S/A, 56971042000124, Bela Vista, Vitoria
Pires Alves S/A, 95130872000180, Morro da Lagoa, Vila Velha
da Mota S/A, 32450198000100, João Goulart, Vila Velha
da Mata Costa S/A, 98054172000142, Antônio Honório, Vitoria
Sales Pinto S/A, 16402378000151, Andorinhas, Vitoria
Monteiro S/A, 93271640000117, Garoto, Vila Velha
da Paz S/A, 28693541000161, Jardim Guadalajara, Vila Velha
Costa S/A, 72641930000135, Pólo Empresarial Novo México, Vila Velha
Rodrigues S/A, 24901365000155, Caratoíra, Vitoria
Araújo da Rocha S/A, 04756218000121, IBES, Vila Velha
da Luz Lima S/A, 03165729000106, Ataíde, Vila Velha
Mendes Castro S/A, 70926813000192, Centro de VilaVelha, Vila Velha
da Mota Nascimento S/A, 40935287000166, Guaranhuns, Vila Velha
Fogaça Martins S/A, 75893420000143, Aeroporto, Vitoria
Jesus S/A, 23768014000155, Alecrim, Vila Velha
Moraes Sales S/A, 25610987000197, Cruzamento, Vitoria
Lima Barros S/A, 57216980000181, Ilha das Flores, Vila Velha
Azevedo Carvalho S/A, 25987364000138, Estrelinha, Vitoria
da Luz Barbosa S/A, 20168374000128, Barro Vermelho, Vitoria
Rocha S/A, 36980412000182, Alecrim, Vila Velha
Rezende S/A, 19704528000170, Pólo Empresarial Novo México, Vila Velha
da Costa S/A, 64035179000103, Alecrim, Vila Velha
Aragão S/A, 09582146000167, Guaranhuns, Vila Velha
Moraes Pires S/A, 58932617000125, Andorinhas, Vitoria
Nunes Santos S/A, 94180632000128, Jardim Guaranhuns, Vila Velha
Santos S/A, 15609283000140, Ilha dos Ayres, Vila Velha
da Rosa Ribeiro S/A, 42075918000140, Caratoíra, Vitoria
Oliveira da Conceição S/A, 35689412000165, Darly Santos, Vila Velha
Novaes da Rosa S/A, 51978046000110, Fonte Grande, Vitoria
Costela Farias S/A, 95470126000136, Forte São João, Vitoria
Duarte S/A, 29631087000187, Ariovaldo Favalessa, Vitoria
Almeida Duarte S/A, 69831274000129, Ilha da Conceição, Vila Velha
Silveira Carvalho S/A, 86321945000120, Goiabeiras, Vitoria
da Paz Cardoso S/A, 79103542000140, Paul, Vila Velha
Fernandes Almeida S/A, 60138254000100, Jardim Asteca, Vila Velha
Campos S/A, 39587421000104, Bairro da Penha, Vitoria
da Rocha Rocha S/A, 60938547000164, Fonte Grande, Vitoria
Mendes Novaes S/A, 19830745000106, Bela Vista, Vitoria
Araújo da Mota S/A, 98652401000120, Morada da Barra, Vila Velha
da Cruz S/A, 17564892000156, Consolação, Vitoria
Gomes da Cunha S/A, 41603928000148, Barro Vermelho, Vitoria
Viana Teixeira S/A, 85103976000142, Centro, Vitoria
Correia Cardoso S/A, 27836150000196, Cavalieri, Vila Velha
Cardoso S/A, 18246759000114, Bento Ferreira, Vitoria
da Cruz da Rosa S/A, 04186295000193, Aribiri, Vila Velha
das Neves da Rocha S/A, 87435061000160, Fonte Grande, Vitoria
Viana Ferreira S/A, 53916804000100, Forte São João, Vitoria
Nunes Dias S/A, 25364109000139, Barro Vermelho, Vitoria
Teixeira S/A, 23489516000147, Nova Itaparica, Vila Velha
Campos Costela S/A, 83169705000164, Araçás, Vila Velha
das Neves S/A, 85624913000131, Divino Espírito Santo, Vila Velha
Teixeira Costa S/A, 40276158000103, Boa VistaI, Vila Velha
Nunes Moreira S/A, 69073248000189, Barramares, Vila Velha
Silveira Ribeiro S/A, 95862701000146, Fradinhos, Vitoria
Dias Jesus S/A, 08351729000114, Coqueiral de Itaparica, Vila Velha
da Rosa Cardoso S/A, 53710248000102, Bairro da Penha, Vitoria
da Rocha Araújo S/A, 96401753000188, Barro Vermelho, Vitoria
Correia Santos S/A, 41852973000136, Caratoíra, Vitoria
Barros Ribeiro S/A, 69347582000183, Jardim Guaranhuns, Vila Velha
da Rocha Dias S/A, 54739821000173, Bairro da Penha, Vitoria
Oliveira S/A, 04916275000120, Pontal das Garças, Vila Velha
Moraes S/A, 06421573000175, Do Cabral, Vitoria
Correia Porto S/A, 61237490000139, Enseada do Suá, Vitoria
Caldeira S/A, 58907326000187, Antônio Honório, Vitoria
Aragão Alves S/A, 90865132000179, Fradinhos, Vitoria
Ferreira S/A, 65724831000151, Pólo Empresarial Novo México, Vila Velha
Moura S/A, 89243167000197, Forte São João, Vitoria
das Neves Caldeira S/A, 18342790000159, Andorinhas, Vitoria
Cunha Pires S/A, 75293481000170, Do Moscoso, Vitoria
Carvalho Duarte S/A, 67831290000196, Nova Itaparica, Vila Velha
Porto Pinto S/A, 67403859000112, Bento Ferreira, Vitoria
Cunha S/A, 15870624000137, Do Moscoso, Vitoria
Moura Farias S/A, 36218470000173, Bairro de Lourdes, Vitoria
Ribeiro S/A, 17956840000125, Estrelinha, Vitoria
Santos Santos S/A, 71986034000145, Do Moscoso, Vitoria
Araújo Lopes S/A, 45930627000180, Bairro da Penha, Vitoria
Ribeiro Souza S/A, 70139264000106, Cobi de Baixo, Vila Velha
Castro S/A, 96130285000154, Alvorada, Vila Velha
da Paz Freitas S/A, 96874035000129, Consolação, Vitoria
Novaes Gomes S/A, 15083264000123, Barro Vermelho, Vitoria
da Rocha Rezende S/A, 20714583000120, Cruzamento, Vitoria
Lopes Pinto S/A, 36745821000102, Primeiro de Maio, Vila Velha
Ferreira da Rosa S/A, 09318257000160, Praia das Gaivotas, Vila Velha
Lopes da Cruz S/A, 15938470000178, Cidade da Barra, Vila Velha
Cardoso Correia S/A, 26483197000150, Forte São João, Vitoria
da Rocha S/A, 96201748000121, Bairro de Lourdes, Vitoria
Almeida Teixeira S/A, 64892035000165, Jabaeté, Vila Velha
Cardoso Almeida S/A, 14368297000157, Goiabeiras, Vitoria
da Mata Moreira S/A, 40387651000109, Bela Vista, Vitoria
Cardoso Castro S/A, 74860913000114, João Goulart, Vila Velha
Rezende Pereira S/A, 05879631000146, Aeroporto, Vitoria
Oliveira Caldeira S/A, 03724851000175, Jaburuna, Vila Velha
Duarte da Mota S/A, 94108235000145, Alecrim, Vila Velha
Melo Pires S/A, 95162340000125, Bonfim, Vitoria
Martins da Luz S/A, 17358246000132, Jardim Marilândia, Vila Velha
Nogueira Sales S/A, 61834952000103, Bairro da Penha, Vitoria
Mendes S/A, 79204851000106, Caratoíra, Vitoria
Castro da Conceição S/A, 45897216000130, Balneário Ponta da Fruta, Vila Velha
Ribeiro Pinto S/A, 13479256000175, Bento Ferreira, Vitoria
Barros Jesus S/A, 14095627000188, Industrial, Vila Velha
Nogueira Melo S/A, 87493561000158, Morada da Barra, Vila Velha
Cardoso Pereira S/A, 08236591000102, Chácara do Conde, Vila Velha
Novaes S/A, 32697540000162, Goiabeiras, Vitoria
Ferreira Alves S/A, 94702365000101, Paul, Vila Velha
Farias Araújo S/A, 46257018000174, Bairro de Lourdes, Vitoria
Porto Teixeira S/A, 37165294000111, Argolas, Vila Velha
Silveira Ferreira S/A, 91287504000190, Consolação, Vitoria
